{
    "params": 
    {
        "learning_rate": 0.03187793347826908, 
        "n_estimators": 1416, 
        "num_leaves": 15, 
        "max_depth": 11, 
        "min_child_samples": 9, 
        "min_child_weight": 5.0989767957043455, 
        "reg_alpha": 0.0065283875392360136, 
        "reg_lambda": 1.1449128977564993, 
        "feature_fraction": 0.6019754679595203, 
        "bagging_fraction": 0.974121394316118, 
        "bagging_freq": 1, 
        "min_gain_to_split": 0.003244787478175533, 
        "lambda_l1": 1.492591506646833e-08, 
        "lambda_l2": 1.9818051331341124e-05
    }
}